{"epoch":5,"f1_score":0.9409274628834723,"_timestamp":1.7728924028671832e+09,"_step":4,"_wandb":{"runtime":31},"_runtime":31}