{"_runtime":18,"_step":4,"epoch":5,"f1_score":0.9280449416022931,"_timestamp":1.7728888309488225e+09,"_wandb":{"runtime":18}}