{"_wandb":{"runtime":35},"_runtime":35,"_timestamp":1.7728922473750324e+09,"_step":4,"epoch":5,"f1_score":0.0203861697350696}