{"_step":4,"epoch":5,"f1_score":0.0203861697350696,"_timestamp":1.772891264527785e+09,"_wandb":{"runtime":27},"_runtime":27}