{"epoch":5,"f1_score":0.0203861697350696,"_timestamp":1.7728887958380747e+09,"_wandb":{"runtime":11},"_runtime":11,"_step":4}