{"_timestamp":1.7728889678730397e+09,"_wandb":{"runtime":13},"_runtime":13,"_step":4,"epoch":5,"f1_score":0.0203861697350696}