{"epoch":5,"f1_score":0.0203861697350696,"_timestamp":1.7728897485817907e+09,"_step":4,"_wandb":{"runtime":20},"_runtime":20}