{"_step":9,"_wandb":{"runtime":62},"_runtime":62,"epoch":10,"f1_score":0.9733567077039946,"_timestamp":1.7728925429668598e+09}