{"_timestamp":1.772892693840988e+09,"_wandb":{"runtime":70},"_runtime":70,"_step":9,"epoch":10,"f1_score":0.9733931558700084}