{"_wandb":{"runtime":84},"_runtime":84,"_step":9,"epoch":10,"f1_score":0.9682797393884475,"_timestamp":1.7728886756980493e+09}