{"_wandb":{"runtime":36},"_runtime":36,"_step":4,"epoch":5,"f1_score":0.0203861697350696,"_timestamp":1.7728909943433704e+09}