{"f1_score":0.8976556502224037,"_timestamp":1.7728894679842496e+09,"_step":9,"_wandb":{"runtime":62},"_runtime":62,"epoch":10}