{"_runtime":849,"grad_n1":0,"_wandb":{"runtime":849},"grad_n5":0,"grad_norm_layer1":0,"grad_n3":0,"grad_n4":0,"dead_neuron_ratio":1,"_timestamp":1.7729006219009573e+09,"epoch":8,"f1_score":0.0203861697350696,"_step":23,"grad_n2":0}