{"_timestamp":1.7728913416664958e+09,"_wandb":{"runtime":60},"_runtime":60,"_step":4,"epoch":5,"f1_score":0.9684256499502231}