{"epoch":10,"f1_score":0.0203861697350696,"_timestamp":1.7728895081172132e+09,"_runtime":27,"_wandb":{"runtime":27},"_step":9}