{"_step":9,"epoch":10,"_wandb":{"runtime":88},"_runtime":88,"f1_score":0.9709284678353954,"_timestamp":1.77289075985461e+09}