{"_wandb":{"runtime":17},"_runtime":17,"epoch":5,"f1_score":0.0203861697350696,"_timestamp":1.7728918472257142e+09,"_step":4}