{"_wandb":{"runtime":42},"_runtime":42,"_timestamp":1.772892757016873e+09,"_step":9,"epoch":10,"f1_score":0.0203861697350696}