{"f1_score":0.17500773772470218,"_timestamp":1.7728895972649646e+09,"_wandb":{"runtime":8},"_runtime":8,"_step":4,"epoch":5}