{"_step":4,"epoch":5,"f1_score":0.0203861697350696,"_timestamp":1.772890270553035e+09,"_wandb":{"runtime":16},"_runtime":16}