{"epoch":5,"f1_score":0.9417217716403978,"_timestamp":1.772888991182108e+09,"_wandb":{"runtime":9},"_runtime":9,"_step":4}