{"_timestamp":1.772892716945506e+09,"_wandb":{"runtime":57},"_runtime":57,"_step":9,"epoch":10,"f1_score":0.9684922122354264}