{"epoch":5,"f1_score":0.9368337732578705,"_timestamp":1.7728885775478475e+09,"_step":4,"_wandb":{"runtime":8},"_runtime":8}