{"_timestamp":1.7728887164931777e+09,"_step":4,"epoch":5,"_wandb":{"runtime":29},"_runtime":29,"f1_score":0.0203861697350696}