{"_wandb":{"runtime":85},"_runtime":85,"dead_neuron_ratio":0,"_timestamp":1.7728982318272378e+09,"_step":19,"epoch":10,"f1_score":0.01748494250775689,"grad_norm_layer1":1.1979198346205345e-27}