{"grad_n2":0.49483476405922655,"_runtime":15,"grad_n5":0.27366772478713663,"grad_n4":0.3954526186813766,"grad_norm_layer1":2.1537407179105634,"_step":47,"dead_neuron_ratio":0.33579375,"grad_n1":0.5170902423845375,"epoch":16,"_wandb":{"runtime":15},"grad_n3":0.33467274054660745,"f1_score":0.95451754998776,"_timestamp":1.7729008809494498e+09}