{"_wandb":{"runtime":50},"_runtime":50,"epoch":10,"f1_score":0.964585495803334,"grad_norm_layer1":0.08049638423021677,"_timestamp":1.7728967938315e+09,"_step":9}