{"epoch":10,"f1_score":0.0203861697350696,"_timestamp":1.7728910904877188e+09,"_wandb":{"runtime":45},"_runtime":45,"_step":9}