{"_step":4,"epoch":5,"f1_score":0.0203861697350696,"_wandb":{"runtime":11},"_runtime":11,"_timestamp":1.7728897123406086e+09}