{"f1_score":0.0203861697350696,"_timestamp":1.772890317935143e+09,"_wandb":{"runtime":30},"_runtime":30,"_step":4,"epoch":5}