{"_runtime":49,"_step":9,"epoch":10,"f1_score":0.0203861697350696,"_timestamp":1.7728912142971916e+09,"_wandb":{"runtime":49}}