{"_runtime":52,"_step":9,"epoch":10,"f1_score":0.9372285787577275,"_timestamp":1.7728909393573892e+09,"_wandb":{"runtime":52}}