{"_runtime":197,"epoch":10,"f1_score":0.9553000924140365,"_timestamp":1.7728901960457683e+09,"_step":9,"_wandb":{"runtime":197}}