{"_step":9,"_wandb":{"runtime":60},"_runtime":60,"epoch":10,"f1_score":0.8094482284496454,"_timestamp":1.7728928343053124e+09}