{"f1_score":0.9723641728448136,"_timestamp":1.772889391418044e+09,"_step":9,"epoch":10,"_wandb":{"runtime":211},"_runtime":211}