{"epoch":5,"f1_score":0.0203861697350696,"_timestamp":1.7728929294362571e+09,"_wandb":{"runtime":29},"_runtime":29,"_step":4}