{"_wandb":{"runtime":400},"_runtime":400,"_timestamp":1.7728934872016373e+09,"_step":9,"epoch":10,"f1_score":0.0203861697350696}