{"_step":9,"epoch":10,"f1_score":0.9261898063813285,"_runtime":76,"_wandb":{"runtime":76},"_timestamp":1.772889080413303e+09}