{"f1_score":0.7799184548792801,"_timestamp":1.77289260315455e+09,"_wandb":{"runtime":60},"_runtime":60,"_step":4,"epoch":5}