{"grad_n3":0.012504830918901852,"_step":29,"grad_norm_layer1":0.2775630622070172,"_runtime":56,"_timestamp":1.7729022028205955e+09,"grad_n4":0.06063788863511201,"grad_n5":0.025872235804358292,"f1_score":0.8603174371299321,"_wandb":{"runtime":56},"dead_neuron_ratio":0.678384375,"epoch":10,"grad_n2":0.03581113830511185,"grad_n1":0.0018178242778090958}