{"_timestamp":1.772891499744811e+09,"_step":9,"epoch":10,"f1_score":0.9684859195196053,"_wandb":{"runtime":144},"_runtime":144}