{"_step":9,"epoch":10,"f1_score":0.9150556225497517,"_timestamp":1.7728911417886786e+09,"_wandb":{"runtime":35},"_runtime":35}