{"_wandb":{"runtime":11},"_runtime":11,"_step":4,"epoch":5,"f1_score":0.9334732401521973,"_timestamp":1.7728891063151486e+09}