{"_wandb":{"runtime":48},"epoch":10,"f1_score":0.9700280038018843,"_timestamp":1.7728912323885522e+09,"_step":9,"_runtime":48}