{"_runtime":49,"_step":4,"epoch":5,"f1_score":0.966424157082154,"_timestamp":1.7728889395448143e+09,"_wandb":{"runtime":49}}