{"_step":9,"epoch":10,"f1_score":0.9706456265082044,"grad_norm_layer1":0.016070801853195517,"_wandb":{"runtime":54},"_runtime":54,"_timestamp":1.7728967238203216e+09}