{"_runtime":73,"f1_score":0.9676737045886986,"_timestamp":1.7728914807855415e+09,"_step":9,"epoch":10,"_wandb":{"runtime":73}}