{"_timestamp":1.7728895737036703e+09,"_step":4,"_wandb":{"runtime":49},"_runtime":49,"epoch":5,"f1_score":0.915198036434911}