{"epoch":10,"f1_score":0.01748494250775689,"_timestamp":1.7728921962915425e+09,"_step":9,"_wandb":{"runtime":82},"_runtime":82}