{"_runtime":62,"_timestamp":1.772891343923962e+09,"_step":9,"epoch":10,"f1_score":0.9689278173994706,"_wandb":{"runtime":62}}