{"f1_score":0.0203861697350696,"_timestamp":1.7728899821717865e+09,"_wandb":{"runtime":124},"_runtime":124,"_step":9,"epoch":10}