{"_step":9,"_wandb":{"runtime":62},"_runtime":62,"epoch":10,"f1_score":0.9744222244251188,"_timestamp":1.7728926259345217e+09}