{"_runtime":62,"_step":9,"epoch":10,"f1_score":0.0203861697350696,"_timestamp":1.772891927586523e+09,"_wandb":{"runtime":62}}