{"grad_n3":1.1030231804174528e-24,"grad_n4":8.522520259459728e-09,"dead_neuron_ratio":0.5610671875,"grad_n5":5.630478595441773e-30,"_timestamp":1.772901110972964e+09,"epoch":50,"f1_score":0.9759355084410606,"_wandb":{"runtime":206},"_runtime":206,"_step":149,"grad_norm_layer1":6.424658635466355e-08,"grad_n1":1.0347482569750176e-25,"grad_n2":3.4484303932551017e-13}