{"f1_score":0.018709209572153735,"grad_norm_layer1":0,"_wandb":{"runtime":96},"_runtime":96,"_step":19,"dead_neuron_ratio":0.9978390625,"_timestamp":1.7728981230250044e+09,"epoch":10}