{"dead_neuron_ratio":0.99982265625,"_timestamp":1.7728985487036679e+09,"_step":19,"f1_score":0.0183304568989009,"grad_norm_layer1":0,"_wandb":{"runtime":96},"_runtime":96,"epoch":10}