{"_wandb":{"runtime":94},"_runtime":94,"epoch":10,"f1_score":0.961370615776292,"_timestamp":1.772892354983549e+09,"_step":9}