{"_wandb":{"runtime":58},"_runtime":58,"_step":9,"epoch":10,"f1_score":0.0203861697350696,"_timestamp":1.7728916702715604e+09}