{"_runtime":126,"_step":9,"epoch":10,"f1_score":0.8875555040644347,"_timestamp":1.7728930704463117e+09,"_wandb":{"runtime":126}}