{"epoch":10,"f1_score":0.9308352734848931,"_timestamp":1.7728891648053238e+09,"_step":9,"_wandb":{"runtime":43},"_runtime":43}