{"_step":2,"epoch":3,"f1_score":0.9058998827597661,"_wandb":{"runtime":1},"_runtime":1,"_timestamp":1.7728854298638685e+09}