{"f1_score":0.01785063752276867,"grad_norm_layer1":4.4820001783100945e-25,"_wandb":{"runtime":89},"_runtime":89,"epoch":10,"dead_neuron_ratio":0,"_timestamp":1.7728986877633216e+09,"_step":19}