{"grad_norm_layer1":1.5810177484056704e-20,"epoch":10,"_wandb":{"runtime":82},"_runtime":82,"_timestamp":1.7728976075169582e+09,"_step":19,"activation_distribution":{"_type":"histogram","values":[677106,3983,2252,1693,1359,1116,880,804,740,641,612,531,550,513,492,441,472,409,427,398,376,363,394,385,350,372,359,338,361,344,339,306,337,343,351,329,362,320,348,360,332,380,382,414,412,422,451,468,493,474,511,507,629,577,717,764,841,918,1091,1332,1795,2358,3912,557364],"bins":[-1,-0.96875,-0.9375,-0.90625,-0.875,-0.84375,-0.8125,-0.78125,-0.75,-0.71875,-0.6875,-0.65625,-0.625,-0.59375,-0.5625,-0.53125,-0.5,-0.46875,-0.4375,-0.40625,-0.375,-0.34375,-0.3125,-0.28125,-0.25,-0.21875,-0.1875,-0.15625,-0.125,-0.09375,-0.0625,-0.03125,0,0.03125,0.0625,0.09375,0.125,0.15625,0.1875,0.21875,0.25,0.28125,0.3125,0.34375,0.375,0.40625,0.4375,0.46875,0.5,0.53125,0.5625,0.59375,0.625,0.65625,0.6875,0.71875,0.75,0.78125,0.8125,0.84375,0.875,0.90625,0.9375,0.96875,1]},"f1_score":0.0203861697350696}