{"f1_score":0.9784508178177272,"_timestamp":1.7728919408590155e+09,"_wandb":{"runtime":75},"_runtime":75,"_step":9,"epoch":10}