{"f1_score":0.9730357803595618,"_timestamp":1.7728902404689767e+09,"_wandb":{"runtime":29},"_runtime":29,"_step":4,"epoch":5}