{"f1_score":0.0203861697350696,"_timestamp":1.772890655835099e+09,"_wandb":{"runtime":215},"_runtime":215,"_step":9,"epoch":10}