{"f1_score":0.9253237492454899,"_timestamp":1.7728841654915974e+09,"_step":9,"_wandb":{"runtime":6},"_runtime":6,"epoch":10}