{"_timestamp":1.7728896882356393e+09,"_wandb":{"runtime":30},"_runtime":30,"_step":9,"epoch":10,"f1_score":0.41431667265187083}