{"_wandb":{"runtime":37},"_runtime":37,"_timestamp":1.7728887683245769e+09,"_step":9,"epoch":10,"f1_score":0.9306413249337728}