{"grad_norm_layer1":0,"_wandb":{"runtime":87},"_runtime":87,"activation_distribution":{"bins":[0,0.31643664615401923,0.6328732923080385,0.9493099384620577,1.265746584616077,1.582183230770096,1.8986198769241154,2.2150565230781347,2.531493169232154,2.847929815386173,3.164366461540192,3.4808031076942116,3.7972397538482308,4.11367640000225,4.430113046156269,4.746549692310288,5.062986338464308,5.379422984618327,5.695859630772346,6.0122962769263655,6.328732923080384,6.645169569234404,6.961606215388423,7.278042861542442,7.5944795076964615,7.910916153850481,8.2273528000045,8.543789446158518,8.860226092312539,9.176662738466558,9.493099384620576,9.809536030774597,10.125972676928615,10.442409323082634,10.758845969236654,11.075282615390673,11.391719261544692,11.708155907698712,12.024592553852731,12.34102920000675,12.657465846160768,12.973902492314789,13.290339138468807,13.606775784622826,13.923212430776847,14.239649076930865,14.556085723084884,14.872522369238904,15.188959015392923,15.505395661546942,15.821832307700962,16.13826895385498,16.454705600009,16.77114224616302,17.087578892317037,17.404015538471057,17.720452184625078,18.036888830779095,18.353325476933115,18.669762123087136,18.986198769241152,19.302635415395173,19.619072061549193,19.93550870770321,20.25194535385723],"_type":"histogram","values":[1276131,287,244,208,199,222,202,172,152,145,135,125,122,126,101,105,88,94,85,75,69,63,55,55,33,32,29,25,23,17,13,21,22,31,23,13,22,22,14,21,26,24,29,22,25,26,22,19,14,24,14,30,16,13,13,17,10,8,11,6,3,5,0,2]},"_timestamp":1.7728975047260058e+09,"_step":19,"epoch":10,"f1_score":0.017883809870697508}