{"f1_score":0.07865620068393897,"_wandb":{"runtime":44},"_runtime":44,"_timestamp":1.7728915985799515e+09,"_step":4,"epoch":5}