{"grad_n1":0,"grad_norm_layer1":0,"dead_neuron_ratio":1,"_wandb":{"runtime":112},"_runtime":112,"_step":149,"f1_score":0.0203861697350696,"_timestamp":1.772901417974438e+09,"grad_n2":0,"epoch":50,"grad_n4":0,"grad_n5":0,"grad_n3":0}