{"_timestamp":1.7728898424752364e+09,"_step":4,"epoch":5,"f1_score":0.963981816180068,"_wandb":{"runtime":80},"_runtime":80}