{"_runtime":29,"_step":4,"epoch":5,"f1_score":0.9715998064524161,"_timestamp":1.7728888746550045e+09,"_wandb":{"runtime":29}}