{"_runtime":33,"f1_score":0.0203861697350696,"_timestamp":1.7728928850772645e+09,"_step":9,"epoch":10,"_wandb":{"runtime":33}}