{"_step":29,"f1_score":0.8732201029639463,"epoch":10,"dead_neuron_ratio":0,"_wandb":{"runtime":103},"grad_n3":0.013354018387209853,"grad_n2":0.0029252285171227103,"grad_norm_layer1":0.3347153160575989,"_runtime":103,"grad_n4":0.03731650616463078,"_timestamp":1.7729023291608055e+09,"grad_n1":0.03689321520421336,"grad_n5":0.008592219754364049}