{"f1_score":0.9079861405460699,"_timestamp":1.7728910312491827e+09,"_wandb":{"runtime":19},"_runtime":19,"_step":4,"epoch":5}