{"_runtime":28,"_step":4,"epoch":5,"f1_score":0.0203861697350696,"_timestamp":1.7728919753349762e+09,"_wandb":{"runtime":28}}