{"_step":4,"_wandb":{"runtime":23},"_runtime":23,"epoch":5,"f1_score":0.9551905664857033,"_timestamp":1.7728915386821294e+09}