{"f1_score":0.0203861697350696,"_timestamp":1.7728908715635352e+09,"_step":9,"_wandb":{"runtime":39},"_runtime":39,"epoch":10}