{"_timestamp":1.7728908184330037e+09,"_wandb":{"runtime":45},"_runtime":45,"_step":9,"epoch":10,"f1_score":0.9677300780375451}