{"_timestamp":1.7728896433309538e+09,"_step":4,"_wandb":{"runtime":33},"_runtime":33,"epoch":5,"f1_score":0.9351364516979818}