{"_wandb":{"runtime":127},"_runtime":127,"_step":4,"epoch":5,"f1_score":0.9774500677994433,"_timestamp":1.772891814571705e+09}