{"_wandb":{"runtime":40},"_runtime":40,"_timestamp":1.7728911473431716e+09,"_step":4,"epoch":5,"f1_score":0.9520168754773906}