{"_timestamp":1.7728928043752785e+09,"_step":9,"_wandb":{"runtime":56},"_runtime":56,"epoch":10,"f1_score":0.9056669204613375}