{"_runtime":84,"_wandb":{"runtime":84},"_step":4,"epoch":5,"f1_score":0.9596387820488855,"_timestamp":1.7728904232516856e+09}