{"_runtime":44,"epoch":5,"f1_score":0.0203861697350696,"_timestamp":1.772892523877837e+09,"_step":4,"_wandb":{"runtime":44}}