{"_runtime":47,"_step":9,"epoch":10,"f1_score":0.9654756712757397,"_timestamp":1.7728924635055635e+09,"_wandb":{"runtime":47}}