{"f1_score":0.9782055979562087,"_timestamp":1.7728921010162177e+09,"_wandb":{"runtime":109},"_runtime":109,"_step":9,"epoch":10}